Top pages,Clicks,Impressions,CTR,Position
https://neweb.ai/,82,2227,3.68%,6.98
https://neweb.ai/pages/tools/payment-receipt-generator,21,316,6.65%,14.86
https://neweb.ai/pages/tools/upi-qr-code-generator,9,1095,0.82%,21.25
https://www.neweb.ai/,8,151,5.3%,8.16
https://neweb.ai/pages/tools/privacy-policy-generator,7,83,8.43%,14.58
https://neweb.ai/pages/guides/how-to-get-google-business-listing,5,2100,0.24%,24.72
https://neweb.ai/pages/tools/instagram-bio-generator,5,151,3.31%,8.18
https://neweb.ai/pages/tools/whatsapp-greeting-generator,5,132,3.79%,6.95
https://neweb.ai/pages/guides/website-cost-india,4,975,0.41%,8.59
https://neweb.ai/pages/domain-checker,3,4104,0.07%,64.33
https://neweb.ai/pages/best-website-builder-india,3,2556,0.12%,50.34
https://neweb.ai/pages/tools/whatsapp-link-generator,3,469,0.64%,12.06
https://neweb.ai/pages/security,3,99,3.03%,18.29
https://neweb.ai/pages/careers,3,90,3.33%,9.52
https://neweb.ai/pages/pricing,3,70,4.29%,5.87
https://neweb.ai/pages/tools/meta-tags-analyzer,2,269,0.74%,35.61
https://neweb.ai/pages/guides/how-to-accept-upi-payments-website,2,201,1%,21.63
https://neweb.ai/pages/tools/color-palette-generator,2,144,1.39%,26.22
https://neweb.ai/pages/tools/ctc-in-hand-calculator,2,125,1.6%,19.3
https://neweb.ai/pages/tools/favicon-generator,2,112,1.79%,16.12
https://neweb.ai/pages/guides/how-to-make-tutoring-website,2,105,1.9%,7.19
https://neweb.ai/pages/tools/meta-title-description-generator,2,78,2.56%,27.69
https://neweb.ai/pages/tools/gst-invoice-generator,2,65,3.08%,18.26
https://neweb.ai/pages/tools/gstin-validator,2,53,3.77%,13.96
https://neweb.ai/pages/blog/udyam-msme-registration-guide,1,757,0.13%,14.66
https://neweb.ai/pages/guides/how-to-make-salon-website,1,283,0.35%,14.31
https://neweb.ai/pages/blog/domain-name-tips-for-indian-business,1,168,0.6%,15.21
https://neweb.ai/pages/blog/small-business-ideas-low-investment-india,1,166,0.6%,29.51
https://neweb.ai/pages/blog/how-much-does-a-website-cost-in-india,1,157,0.64%,33.39
https://neweb.ai/pages/compare/bigrock,1,132,0.76%,8.52
https://neweb.ai/pages/tools,1,131,0.76%,14.06
https://neweb.ai/pages/blog/how-to-sell-products-online-in-india,1,118,0.85%,9.36
https://neweb.ai/pages/why-neweb,1,115,0.87%,10.51
https://neweb.ai/pages/guides/how-to-make-jewellery-website,1,115,0.87%,12.22
https://neweb.ai/pages/guides/how-to-make-shop-website-india,1,112,0.89%,10.26
https://neweb.ai/pages/tools/faq-schema-generator,1,109,0.92%,15.92
https://neweb.ai/pages/compare,1,106,0.94%,7.39
https://neweb.ai/pages/guides,1,105,0.95%,5
https://neweb.ai/pages/blog/local-seo-checklist-india,1,79,1.27%,7.33
https://neweb.ai/pages/tools/invoice-number-generator,1,77,1.3%,8.91
https://neweb.ai/pages/guides/how-to-make-clinic-website,1,54,1.85%,14.98
https://neweb.ai/pages/blog/gst-basics-for-small-business-website,1,43,2.33%,9.02
https://neweb.ai/pages/blog/free-tools-every-indian-small-business-needs,1,33,3.03%,16.09
https://landing.neweb.ai/,1,32,3.12%,17.06
https://neweb.ai/pages/templates,1,25,4%,6.68
https://neweb.ai/pages/tools/image-compressor,1,13,7.69%,10.08
https://neweb.ai/career/wordpress-developer/,1,2,50%,12
https://neweb.ai/pages/blog/how-to-register-a-company-in-india,0,1658,0%,22.18
https://neweb.ai/pages/solutions/clinics,0,497,0%,14.61
https://neweb.ai/pages/tools/character-counter,0,422,0%,6.62
https://neweb.ai/pages/blog/how-to-start-a-business-in-india,0,367,0%,21.49
https://neweb.ai/pages/blog/how-to-create-a-business-email,0,310,0%,20.02
https://neweb.ai/pages/blog/gst-registration-process-explained,0,304,0%,18.41
https://neweb.ai/pages/tools/roi-calculator,0,280,0%,15.29
https://neweb.ai/pages/blog/types-of-business-structures-in-india,0,279,0%,14.38
https://neweb.ai/pages/tools/robots-txt-generator,0,229,0%,13.4
https://neweb.ai/pages/privacy,0,199,0%,6.25
https://neweb.ai/pages/blog/how-to-pick-a-domain-name,0,181,0%,23.34
https://neweb.ai/pages/blog/whatsapp-business-tips-for-small-business,0,166,0%,8.43
https://neweb.ai/pages/contact,0,145,0%,5.99
https://neweb.ai/pages/tools/gratuity-calculator,0,125,0%,59.74
https://neweb.ai/pages/features,0,113,0%,12.73
https://neweb.ai/pages/solutions/restaurants,0,112,0%,10.15
https://neweb.ai/pages/about,0,106,0%,7.04
https://neweb.ai/pages/tools/serp-snippet-preview,0,100,0%,30.46
https://neweb.ai/pages/guides/how-to-make-restaurant-website,0,95,0%,7.98
https://neweb.ai/pages/tools/localbusiness-schema-generator,0,94,0%,10.63
https://neweb.ai/pages/tools/domain-name-generator,0,87,0%,37.63
https://neweb.ai/pages/tools/income-tax-calculator,0,83,0%,65.42
https://neweb.ai/pages/tools/profit-margin-calculator,0,79,0%,20.72
https://neweb.ai/pages/terms,0,77,0%,8.01
https://neweb.ai/pages/tools/google-business-description-generator,0,75,0%,10.55
https://neweb.ai/pages/guides/rank-on-google-maps-india,0,72,0%,11.1
https://neweb.ai/pages/tools/business-name-generator,0,68,0%,18.71
https://neweb.ai/pages/solutions,0,67,0%,6.1
https://neweb.ai/pages/tools/image-resizer,0,67,0%,21.42
https://neweb.ai/pages/solutions/jewellers,0,65,0%,10.48
https://neweb.ai/pages/blog,0,64,0%,4.92
https://neweb.ai/pages/tools/local-seo-audit,0,63,0%,20.4
https://neweb.ai/pages/solutions/tutoring,0,56,0%,16.59
https://neweb.ai/pages/compare/jimdo,0,55,0%,10.6
https://neweb.ai/pages/guides/local-seo,0,54,0%,26.46
https://neweb.ai/pages/changelog,0,52,0%,6.52
https://neweb.ai/pages/tools/qr-code-generator,0,51,0%,14.1
https://neweb.ai/pages/press,0,47,0%,3.6
https://neweb.ai/pages/blog/instagram-marketing-for-indian-small-business,0,45,0%,11.8
https://neweb.ai/pages/compare/hostinger,0,44,0%,19.95
https://neweb.ai/pages/guides/how-to-make-hotel-website-india,0,40,0%,12.82
https://neweb.ai/pages/tools/quotation-generator,0,40,0%,40.95
https://neweb.ai/pages/blog/google-business-profile-guide-india,0,36,0%,10.81
https://neweb.ai/pages/solutions/cafes,0,34,0%,13.47
https://neweb.ai/pages/tools/slogan-generator,0,34,0%,22.15
https://neweb.ai/pages/compare/weebly,0,32,0%,8.56
https://neweb.ai/pages/tools/percentage-calculator,0,31,0%,9.74
https://neweb.ai/pages/compare/squarespace,0,27,0%,11
https://neweb.ai/pages/tools/keyword-density-checker,0,27,0%,40.33
https://neweb.ai/pages/tools/open-graph-generator,0,26,0%,15.92
https://landing.neweb.ai/about,0,25,0%,9.4
https://app.neweb.ai/,0,23,0%,7.17
https://neweb.ai/pages/guides/how-to-do-local-seo-india,0,23,0%,15.48
https://neweb.ai/pages/tools/sip-calculator,0,21,0%,39.71
https://neweb.ai/pages/customer-stories,0,19,0%,8.26
https://neweb.ai/pages/guides/online-presence,0,18,0%,8.5
https://neweb.ai/pages/compare/wordpress,0,18,0%,10.83
https://neweb.ai/pages/tools/terms-conditions-generator,0,18,0%,41.33
https://neweb.ai/pages/tools/hreflang-generator,0,17,0%,6.88
https://neweb.ai/pages/guides/google-business,0,17,0%,10.59
https://neweb.ai/pages/solutions/photographers,0,16,0%,6.81
https://neweb.ai/pages/refund,0,16,0%,11.19
https://neweb.ai/pages/guides/picking-a-domain,0,16,0%,14.38
https://neweb.ai/pages/blog/digital-marketing-tips-for-small-business-india,0,16,0%,38.62
https://neweb.ai/pages/tools/website-speed-test,0,15,0%,14.33
https://neweb.ai/pages/tools/utm-builder,0,15,0%,51.6
https://neweb.ai/pages/compare/shopify,0,13,0%,14.46
https://neweb.ai/pages/tools/keyword-idea-generator,0,13,0%,18.31
https://neweb.ai/pages/solutions/salons,0,12,0%,20.42
https://neweb.ai/pages/solutions/boutiques,0,11,0%,7.64
https://neweb.ai/pages/blog/business-ideas-with-website-first-approach,0,10,0%,7.6
https://neweb.ai/pages/blog/local-seo-mistakes-indian-businesses-make,0,10,0%,8
https://neweb.ai/pages/tools/rent-receipt-generator,0,10,0%,15.9
https://neweb.ai/pages/compare/godaddy,0,9,0%,7.56
https://neweb.ai/pages/compare/wix,0,9,0%,9.89
https://justadminthings.neweb.ai/,0,9,0%,15.67
https://neweb.ai/pages/blog/hello-from-neweb,0,7,0%,5.43
https://neweb.ai/pages/solutions/real-estate,0,7,0%,5.86
https://neweb.ai/pages/tools/age-calculator,0,7,0%,6.86
https://neweb.ai/pages/tools/sitemap-generator,0,7,0%,35.29
https://neweb.ai/pages/solutions/gyms,0,6,0%,10.67
https://neweb.ai/pages/tools/word-counter,0,6,0%,10.67
https://neweb.ai/pages/tools/email-signature-generator,0,6,0%,21.33
https://neweb.ai/pages/compare/dukaan,0,5,0%,7.2
https://neweb.ai/pages/tools/break-even-calculator,0,5,0%,8.8
https://neweb.ai/pages/tools/gst-calculator,0,5,0%,10.6
https://blog.neweb.ai/author/admin_ty1z568v/,0,5,0%,11.2
https://neweb.ai/pages/tools/discount-calculator,0,5,0%,11.2
https://neweb.ai/pages/cities/indore,0,5,0%,15.6
https://neweb.ai/pages/cities/coimbatore,0,4,0%,3.5
https://landing.neweb.ai/founders,0,4,0%,6.25
https://neweb.ai/pages/tools/emi-calculator,0,4,0%,7.25
https://blog.neweb.ai/category/product-feature/,0,4,0%,8.5
https://neweb.ai/pages/tools/logo-maker,0,4,0%,8.75
https://neweb.ai/faq-neweb-ai/,0,3,0%,1
https://neweb.ai/pages/cities/ahmedabad,0,3,0%,6
https://blog.neweb.ai/shop/,0,3,0%,7.33
https://neweb.ai/pages/compare/webflow,0,3,0%,7.67
https://neweb.ai/pages/cities/mumbai,0,3,0%,8.33
https://neweb.ai/pages/sitemap,0,3,0%,9.67
https://neweb.ai/pages/cities/kolkata,0,3,0%,15
https://dashboard.neweb.ai/,0,3,0%,17
https://blog.neweb.ai/category/ai-website-building/,0,3,0%,22
https://neweb.ai/pages/cities/bangalore,0,2,0%,1.5
https://blog.neweb.ai/category/tips-tricks-tutorials/,0,2,0%,5
https://neweb.ai/template-tag/new/,0,2,0%,6
https://blog.neweb.ai/category/digital-marketing-growth/,0,2,0%,7
https://neweb.ai/pages/compare/bluehost,0,2,0%,8
https://neweb.ai/pages/tools/case-converter,0,2,0%,8.5
https://neweb.ai/pages/blog/how-to-get-more-google-reviews,0,2,0%,9
https://neweb.ai/pages/cities/pune,0,2,0%,10.5
https://blog.neweb.ai/author/sachinm/,0,2,0%,11
https://neweb.ai/pages/solutions/ngos-nonprofits,0,2,0%,16.5
https://dashboard.neweb.ai/signup,0,2,0%,20.5
https://blog.neweb.ai/the-growth-of-drag-and-drop-ai-website-builders-in-2025/,0,2,0%,24
https://neweb.ai/pages/cities/jaipur,0,2,0%,27.5
https://blog.neweb.ai/category/ai-website-building/ai-in-web-design/,0,1,0%,1
https://neweb.ai/pages/cities/chennai,0,1,0%,1
https://blog.neweb.ai/gdpr-ccpa-notice/,0,1,0%,4
https://blog.neweb.ai/privacy-policy-2/,0,1,0%,5
https://neweb.ai/pages/cities/nagpur,0,1,0%,7
https://blog.neweb.ai/category/industry-trends-insights/,0,1,0%,8
https://neweb.ai/pages/solutions/freelancers-consultants,0,1,0%,10
https://blog.neweb.ai/product/logo-collection/,0,1,0%,20
https://blog.neweb.ai/category/competitor-comparisons/pricing-comparisons/,0,1,0%,23
https://blog.neweb.ai/category/digital-marketing-growth/content-marketing/,0,1,0%,24
https://blog.neweb.ai/category/tips-tricks-tutorials/beginner-guides/,0,1,0%,41
https://blog.neweb.ai/category/industry-trends-insights/wordpress-open-source-news/,0,1,0%,42
https://neweb.ai/pages/solutions/event-planners,0,1,0%,258