Top queries,Clicks,Impressions,CTR,Position
neweb,36,896,4.02%,4.21
neweb ai,19,29,65.52%,1.03
upi qr code generator,2,108,1.85%,20.93
upi payment receipt generator,2,55,3.64%,4.76
upi payment receipt generator free,2,22,9.09%,3.68
best website builders,1,42,2.38%,40.74
free bank transfer receipt generator pdf,1,7,14.29%,4.29
add your business,1,6,16.67%,24.33
instagram bio generator,1,3,33.33%,5
new business near me,1,2,50%,1.5
money transfer receipt generator,1,2,50%,7.5
merchant qr code generator for upi,1,2,50%,23
business near me without website,1,1,100%,1
it company ahmedabad,1,1,100%,1
software company near me,1,1,100%,1
bank transfer receipt generator,1,1,100%,11
character counter for titles by webnewstips com,0,394,0%,5.98
registration for company india,0,291,0%,25.79
newweb,0,241,0%,4.44
domain name search,0,210,0%,84.6
website name checker,0,204,0%,56.65
free robots.txt generator by webnewstips com,0,188,0%,7.49
check website name,0,170,0%,66.16
domain checker,0,158,0%,60.91
get my business on google,0,152,0%,35.62
domain name checker,0,152,0%,53.72
web domain checker,0,149,0%,58.35
website builder,0,109,0%,67.21
indian website builder,0,87,0%,29.99
website builder in india,0,86,0%,39.14
domain name check,0,86,0%,60.1
domain check,0,85,0%,63.25
website builder india,0,84,0%,39.77
ne web,0,83,0%,14.81
check if domain available,0,81,0%,75.51
best web site builder,0,78,0%,44.51
company registration in india,0,76,0%,33.08
domain finder,0,74,0%,74.81
domain search,0,73,0%,88.52
commerciax-infotech,0,67,0%,8.58
check domain name availability,0,67,0%,69.69
website name check,0,66,0%,64.82
check domain,0,64,0%,65.5
website maker,0,64,0%,78.8
domain name finder,0,61,0%,65.54
check domain availability,0,61,0%,69.84
company formation india,0,60,0%,30.55
qr ybl,0,58,0%,9.81
company formation in india,0,58,0%,32.81
check for website name,0,56,0%,61.38
website builders in india,0,54,0%,31.56
roi calculator,0,53,0%,11.85
best website builder and hosting,0,53,0%,43.98
register a company in india,0,52,0%,19.31
best site builder,0,51,0%,44.61
free domain check,0,50,0%,55.32
domain availability check,0,50,0%,71.22
gratuity calculator,0,48,0%,58.62
google business listing,0,47,0%,28.85
get listed on google,0,44,0%,31.7
free domain name search,0,43,0%,68.21
best website site builder,0,42,0%,48.95
list my business,0,41,0%,44.2
get your business on google,0,40,0%,22.43
meta tag checker south africa,0,39,0%,39.28
business website builder,0,39,0%,48.79
web builder,0,39,0%,71.69
gst registration process,0,38,0%,23.5
find my business,0,38,0%,27.66
google local business listing,0,38,0%,37.63
google listing,0,38,0%,43.58
make website in india,0,38,0%,74.76
website builder for small business,0,37,0%,41.14
build a salon website,0,37,0%,50.38
check if domain name is good,0,37,0%,71.86
upi barcode generator,0,36,0%,28.39
google local listing,0,36,0%,39.56
website domain name check,0,36,0%,59.47
best website builder,0,35,0%,45.71
check free domain names,0,35,0%,56.03
check a website name,0,35,0%,65.57
website builders for small business,0,34,0%,31.15
indian land search engine optimization,0,34,0%,35.12
check for website names,0,34,0%,60.44
msme registration,0,33,0%,29.94
domain checker free,0,33,0%,56.24
online website builder,0,33,0%,69
free upi qr code generator,0,32,0%,21.84
website cost,0,32,0%,50.97
free domain name checker,0,32,0%,53.22
domain name search availability,0,32,0%,68.41
easy website builder,0,31,0%,61.61
domain availability search,0,30,0%,82.77
website domain search,0,30,0%,88.93
list your business on google,0,29,0%,36.14
check free domain,0,29,0%,50.79
domain name search india,0,29,0%,70
website creator,0,29,0%,71.55
google map business,0,28,0%,13.68
company registration,0,28,0%,20.25
best website builder india,0,28,0%,22.07
upi qr generator,0,28,0%,31.89
get a google business listing,0,28,0%,33.64
web site builder,0,28,0%,65.79
website making india,0,28,0%,69.18
generate upi qr code,0,27,0%,26
get business on google,0,27,0%,26.37
upi qr code,0,27,0%,26.48
list your business,0,27,0%,32.11
list new business on google,0,27,0%,32.93
google find my business,0,27,0%,34.44
company incorporation,0,27,0%,37.48
get business listed on google,0,27,0%,37.7
meta checker,0,27,0%,48.81
domain names available,0,27,0%,70.63
list my business on google,0,26,0%,29.96
get your business listed on google,0,26,0%,31.38
india website builder,0,26,0%,46.69
domain name availability,0,26,0%,68.35
find domain,0,26,0%,73.5
udyam registration,0,25,0%,2.32
business email,0,25,0%,18.88
create upi qr code,0,25,0%,26.2
setting up business in india,0,24,0%,26.58
return on investment calculator,0,24,0%,26.92
online company registration in india,0,24,0%,30.67
add google listing,0,24,0%,34
website builders,0,24,0%,39.54
website name test,0,24,0%,50.96
domain check website,0,24,0%,65.29
search domain,0,24,0%,78.08
website builder for small business near me,0,23,0%,13.52
register company in india,0,23,0%,22.61
new business listing on google,0,23,0%,37.43
small business website builder,0,23,0%,45.3
domain checker india,0,23,0%,54.78
free domain finder,0,23,0%,65.52
web site name check,0,23,0%,67.22
check for domain name availability free,0,23,0%,77.26
how to start a business in india,0,22,0%,18.95
business site builder,0,22,0%,36.73
new tax regime calculator,0,22,0%,68.05
free domain search,0,22,0%,76.95
starting a business in india,0,21,0%,19.05
upi generator,0,21,0%,31.05
simple website builder,0,21,0%,59.1
search domain names,0,21,0%,81.29
gst registration procedure,0,20,0%,26.8
new company registration in india,0,20,0%,32.85
google listing my business,0,20,0%,36.05
domain name availability checker,0,20,0%,63.5
website maker india,0,20,0%,66.95
domain availability checker,0,20,0%,70
professional website builder,0,20,0%,70.35
google maps business,0,19,0%,11.74
make a google listing,0,19,0%,45.63
cheap website builder india,0,19,0%,51.53
web name check,0,19,0%,58.16
website domain check,0,19,0%,60.53
commerciax,0,18,0%,11.33
google business india,0,18,0%,12.44
company register in india,0,18,0%,24.72
company registration india,0,18,0%,32.44
free domain name lookup,0,18,0%,59.33
website domain checker,0,18,0%,60.39
check website names,0,18,0%,62.17
new web technologies,0,18,0%,65.89
check domain name,0,18,0%,68.22
generate qr code for upi,0,17,0%,24.88
merchant qr code generator,0,17,0%,42
cheapest website builder,0,17,0%,53.53
domain name availability check,0,17,0%,62.94
gratuity calculator online,0,17,0%,67
bigrock 399,0,16,0%,6.69
setting up a business in india,0,16,0%,22.06
business email account,0,16,0%,26.56
business setup in india,0,16,0%,28.25
faq schema generator,0,16,0%,29.5
upi code generator,0,16,0%,30.88
upi qr,0,16,0%,31.38
qr code generator for upi id,0,16,0%,32.25
meta tag checker,0,16,0%,44.62
cheapest website builder and hosting,0,16,0%,50.81
website for business,0,16,0%,55.06
who can build me a website,0,16,0%,59.12
available domain names,0,16,0%,85.31
upi generate qr code,0,15,0%,23.73
how to incorporate a company in india,0,15,0%,28.93
meta tags analyzer,0,15,0%,30.67
clinic website,0,15,0%,34.87
company incorporation in india,0,15,0%,34.87
upi merchant qr code,0,15,0%,39.87
website creator india,0,15,0%,50.87
find free domain,0,15,0%,60.2
domain checker online,0,15,0%,64.07
website maker in india,0,15,0%,64.73
find domain name,0,15,0%,71.67
small business registration,0,14,0%,18.57
business email address,0,14,0%,22.57
upi qr code generator with amount,0,14,0%,25.29
llp vs sole proprietorship india,0,14,0%,28.79
list my businesses,0,14,0%,43.5
best website builder for small business,0,14,0%,48.5
free domain checker,0,14,0%,51.93
domain checker availability,0,14,0%,59.71
small business website,0,14,0%,63.21
domain names search,0,14,0%,82.43
find available domain names,0,14,0%,82.79
gave me link,0,13,0%,12
starting up a business in india,0,13,0%,20.54
email for business,0,13,0%,21.31
create business email,0,13,0%,21.69
tax benefits sole proprietorship vs llp in india,0,13,0%,26.62
upi qr code generator online,0,13,0%,30.31
universal upi qr code generator,0,13,0%,32.38
best website builders for small business,0,13,0%,38.31
company formation india online,0,13,0%,42.08
build website for business,0,13,0%,46.85
check free domain name,0,13,0%,53.54
domain check free,0,13,0%,53.54
check domain free,0,13,0%,57.92
web name finder,0,13,0%,86.31
web domain search,0,13,0%,87.77
look for domain names,0,13,0%,88.31
free bank transfer receipt generator,0,12,0%,3.83
gst registration for small business,0,12,0%,17.75
sole proprietorship vs llp india,0,12,0%,27.33
robots txt generator google,0,12,0%,37.08
get my business listed on google,0,12,0%,45
get image resolution online,0,12,0%,60.33
free domain name availability,0,12,0%,69.5
website building services,0,12,0%,75
registration of company in india,0,11,0%,20.82
qr upi code generator,0,11,0%,21
how to set up a business in india,0,11,0%,23.91
india company incorporation,0,11,0%,30.18
google maps for business,0,11,0%,37.55
meta tags checker,0,11,0%,38.64
domain free checker,0,11,0%,50.18
domain availability tool india,0,11,0%,50.82
website domain name checker,0,11,0%,51.18
website design and hosting for small business,0,11,0%,55.91
check domain is free,0,11,0%,57.36
ai services neowebx,0,11,0%,60.73
web builder site,0,11,0%,78.09
online domain search,0,11,0%,85.27
free faq schema generator tool,0,10,0%,13.9
creating a business email,0,10,0%,20.6
register a new company in india,0,10,0%,24.5
incorporation registration,0,10,0%,25.1
qr code generator upi,0,10,0%,26.8
business registration in india,0,10,0%,27.7
what is udyam registration,0,10,0%,33
company incorporation india,0,10,0%,33.4
serp preview tool,0,10,0%,34.4
best website builder for small business in india,0,10,0%,41.3
list my business on google for free,0,10,0%,41.6
best website builder in india,0,10,0%,42.3
check free website names,0,10,0%,45
domain name checker free,0,10,0%,50.5
check web domain,0,10,0%,56.7
new web,0,10,0%,58
build website india,0,10,0%,58.9
check web name,0,10,0%,60.7
free domain name search engine,0,10,0%,78.7
how to start a business email,0,9,0%,9.33
एआई,0,9,0%,10.22
upi qr code generator ai,0,9,0%,13.78
company email,0,9,0%,15.78
free roi calculator,0,9,0%,16.33
how to register a company in india,0,9,0%,16.33
creating a company email,0,9,0%,18.56
incorporate company in india,0,9,0%,24.44
how to get a business email,0,9,0%,25.22
create your upi qr code,0,9,0%,26.11
online company registration india,0,9,0%,26.44
how to conduct business in india,0,9,0%,27.33
add your business to google for free,0,9,0%,31.89
upi qr code for business,0,9,0%,35.22
google places free business listing,0,9,0%,36.44
website cost in india,0,9,0%,44.11
website charges in india,0,9,0%,47.22
website creation india,0,9,0%,48.22
neowebx,0,9,0%,51
domain free check,0,9,0%,53
web domain name checker,0,9,0%,58.11
domains checker,0,9,0%,65
find website name,0,9,0%,65.22
check for domain names free,0,9,0%,66
check for web names,0,9,0%,68.33
domain availability,0,9,0%,68.78
search domain name,0,9,0%,75.22
website builder site,0,9,0%,75.56
domain finder tool,0,9,0%,81.44
https://wa.me/919876543210,0,8,0%,9.88
register small business,0,8,0%,11.12
udyam,0,8,0%,17.12
how to register company in india,0,8,0%,17.88
npci qr code generator,0,8,0%,19
corporate email,0,8,0%,23.38
udyam registration for msmes,0,8,0%,23.75
website for clinic,0,8,0%,23.88
google map listing,0,8,0%,24.12
start your own business in india,0,8,0%,25.62
company registration online india,0,8,0%,27.5
google maps business listing,0,8,0%,31.62
indian website builders,0,8,0%,32.5
how to create privacy policy for website in india,0,8,0%,36.75
msme registration in india,0,8,0%,38.38
google business,0,8,0%,40
make a business on google,0,8,0%,41.75
free upi id,0,8,0%,44.38
receipt generator online free,0,8,0%,45.75
google business services,0,8,0%,47.75
domain name generator,0,8,0%,52.75
free domain name check,0,8,0%,56.25
check site name availability,0,8,0%,60.12
custom website builders,0,8,0%,62.12
free website builder and hosting in india,0,8,0%,64
website create india,0,8,0%,68.75
free web domain search,0,8,0%,69.5
website building india,0,8,0%,70.88
meta description generator,0,8,0%,73.62
new regime income tax calculator,0,8,0%,74.75
online website maker,0,8,0%,78.5
check for free domains,0,8,0%,80
domain name search for free,0,8,0%,81.88
.in or .com,0,7,0%,1
neweb technologies,0,7,0%,3.14
wa.me/919876543210,0,7,0%,9.14
google maps ranking in india,0,7,0%,11.43
neweb studio,0,7,0%,12.71
indian company register,0,7,0%,18
.in vs .com domain,0,7,0%,18.71
create a business email,0,7,0%,18.86
set up business email,0,7,0%,19.86
sole proprietorship vs private limited company,0,7,0%,20.14
how to get a business email address,0,7,0%,22
business emails,0,7,0%,25
register new company in india,0,7,0%,30.43
india domain name,0,7,0%,30.86
make upi qr code,0,7,0%,32.29
qr code upi,0,7,0%,32.29
add my business,0,7,0%,32.71
small business website builders,0,7,0%,33.43
serp preview,0,7,0%,34.86
meta tag analyzer,0,7,0%,35
get my business on google for free,0,7,0%,36.43
generate upi id,0,7,0%,37
business google listing,0,7,0%,37.57
website builders india,0,7,0%,37.57
best website developer for small business,0,7,0%,42.57
list company on google,0,7,0%,45.29
best website designer for small business,0,7,0%,52.43
need a website,0,7,0%,60.57
how to check availability of domain name,0,7,0%,62.71
free website builder in india,0,7,0%,63
low cost web design india,0,7,0%,63.14
check for free domain,0,7,0%,64.43
check if domain is free,0,7,0%,64.57
free domain name finder,0,7,0%,64.57
how to check domain name availability in india,0,7,0%,64.57
create website india,0,7,0%,66.14
domain name search free,0,7,0%,67
free website builder india,0,7,0%,67.43
website name finder,0,7,0%,77.29
web domain name search free,0,7,0%,77.43
check if website name is available,0,7,0%,79.14
small business website development india,0,7,0%,79.14
available website names,0,7,0%,79.57
search website names free,0,7,0%,81.29
fee receipt generator,0,7,0%,82
look up domain names,0,7,0%,85.86
small business website design services,0,7,0%,89.86
popular website builder comparison for small it businesses in india,0,6,0%,1.5
udyam business,0,6,0%,7.17
indian marketplaces seller fees comparison,0,6,0%,7.33
bigrock website builder,0,6,0%,9.17
ybl qr,0,6,0%,9.17
maps business,0,6,0%,10.5
in vs com,0,6,0%,11.67
.in vs .com,0,6,0%,15.17
how to rank products on marketplaces india,0,6,0%,18
small business registration in india,0,6,0%,18.83
how to create a business email,0,6,0%,19
start a business in india,0,6,0%,19.33
sme website builder india,0,6,0%,20.17
how to register a company name in india,0,6,0%,22.67
upi id qr code generator,0,6,0%,22.83
paytm receipt generator,0,6,0%,23.17
mca company registration,0,6,0%,24.33
google business map,0,6,0%,25
mca new company registration,0,6,0%,25.33
new company registration,0,6,0%,25.67
sole proprietorship and private limited company,0,6,0%,26.33
neuraweb,0,6,0%,27.5
how to start own business in india,0,6,0%,28.17
upi id generator,0,6,0%,31.17
msme registration process,0,6,0%,35
google local business,0,6,0%,35.67
cheapest website builder india,0,6,0%,40.67
free google listing for my business,0,6,0%,41.33
get my company on google,0,6,0%,41.83
business ideas in india with low investment,0,6,0%,42.67
best website company for small business,0,6,0%,43.17
google serp tool,0,6,0%,47.67
best business website builder,0,6,0%,50
best small business website builders,0,6,0%,50
best website designer for your business,0,6,0%,50.67
who can build a website for me,0,6,0%,50.67
website making in india,0,6,0%,51
build a website near me,0,6,0%,51.33
website price,0,6,0%,53.5
best small business website builder,0,6,0%,54.5
small business website solutions india,0,6,0%,55.5
best website services for small business,0,6,0%,55.67
domain name check free,0,6,0%,55.67
website for small business owners,0,6,0%,57.67
web page builders,0,6,0%,57.83
checking website names,0,6,0%,58
website price in india,0,6,0%,58
domain check online,0,6,0%,59
website creators,0,6,0%,59.5
domain name free check,0,6,0%,60.5
check website name availability,0,6,0%,61
web domain name check,0,6,0%,61.5
best affordable website builder for small business,0,6,0%,61.67
check domain names free,0,6,0%,61.83
best website in minimum price,0,6,0%,62.67
best website design software for small business,0,6,0%,63
calculate gratuity online,0,6,0%,65.17
business website creation services,0,6,0%,66.5
check a domain name,0,6,0%,66.83
doctor website,0,6,0%,67.5
priya softweb solutions,0,6,0%,68.17
search domain availability,0,6,0%,73.17
domain name free search,0,6,0%,75.17
find website,0,6,0%,77.17
site builder,0,6,0%,83.17
cheap website design india,0,6,0%,85.67
affordable web design services for small businesses,0,6,0%,86.33
commerciax infotech,0,5,0%,6.8
free roi calculator tool on nemin .io,0,5,0%,8
newebio,0,5,0%,8
small business website india,0,5,0%,9.6
vpa qr code generator,0,5,0%,9.8
indian corporate registry,0,5,0%,11
meta tags analyzer alaikas,0,5,0%,13.6
register a company,0,5,0%,15
roi calculator online,0,5,0%,15.2
udyam business registration,0,5,0%,16
register it company in india,0,5,0%,17.4
register small business in india,0,5,0%,17.4
how to create a business email address,0,5,0%,18.4
india company registry,0,5,0%,18.8
how to create business email,0,5,0%,19.2
how to set up business email,0,5,0%,21
create email for business,0,5,0%,21.6
form a company in india,0,5,0%,22.4
udyam registration for new business,0,5,0%,22.4
how to start a new business in india,0,5,0%,24
upi id to qr code,0,5,0%,24.4
upi id to qr code generator,0,5,0%,26.6
set up business in india,0,5,0%,28
business registration india,0,5,0%,28.2
best indian website builder,0,5,0%,28.6
google business directory,0,5,0%,29
upi qr code generator free,0,5,0%,29
upi to qr code generator,0,5,0%,29.4
google business lsiting,0,5,0%,29.8
incorporating a company in india,0,5,0%,29.8
business on google,0,5,0%,30.4
websites for clinics,0,5,0%,31.4
business gst registration,0,5,0%,32
wa.me link generator,0,5,0%,32.2
upi barcode,0,5,0%,32.4
india company formation,0,5,0%,32.8
how to list business on google,0,5,0%,35.2
make my business show up on google,0,5,0%,36.4
set upi for business,0,5,0%,38.6
robots txt google generator,0,5,0%,39.2
fake upi id generator,0,5,0%,39.6
faq schema,0,5,0%,39.8
web name checker,0,5,0%,43
best website for small business,0,5,0%,45.4
msme registration eligibility,0,5,0%,45.6
best web creation websites,0,5,0%,46.2
domain check india,0,5,0%,46.2
website for my business,0,5,0%,46.8
google my business listing,0,5,0%,47.8
free terms and conditions generator,0,5,0%,48
best website builders for business,0,5,0%,48.2
business name generator,0,5,0%,48.6
google keyword density tool,0,5,0%,50.4
best website service,0,5,0%,50.8
top rated website builders in india,0,5,0%,51.2
gratuity calculator india,0,5,0%,54.4
best website maker.,0,5,0%,54.6
web domain check,0,5,0%,55.4
web domain names check,0,5,0%,57
website builder sites,0,5,0%,58.6
website builder and hosting,0,5,0%,59
i need someone to build a website for me,0,5,0%,59.4
indian website maker,0,5,0%,59.8
check for website domain,0,5,0%,61.8
find name for website,0,5,0%,63
check domain name availability free,0,5,0%,63.2
check web domain name,0,5,0%,63.2
cheap website building,0,5,0%,64.8
make free website india,0,5,0%,65.4
business website builder in india,0,5,0%,68
domain name maker,0,5,0%,69.4
online domain,0,5,0%,71
website building platforms,0,5,0%,73.4
webpage builder,0,5,0%,74
search for a domain,0,5,0%,74.4
small business web,0,5,0%,75
website creator in india,0,5,0%,77.2
affordable website design india,0,5,0%,79.6
cheap web design india,0,5,0%,80.2
website finder,0,5,0%,81.4
what is my website name,0,5,0%,83.2
online site builder,0,5,0%,84.6
jimdo dolphin ai,0,4,0%,7.75
payment receipt editor,0,4,0%,9
mca spice+ company incorporation official india,0,4,0%,9.25
mca spice+ company incorporation india official,0,4,0%,10.25
"""new web,com llc"" ""atlanta""",0,4,0%,10.5
company through,0,4,0%,10.75
whatsapp business name list indian,0,4,0%,10.75
buisness email,0,4,0%,17.75
create professional email,0,4,0%,18.5
make a business email,0,4,0%,19.25
how to register new company,0,4,0%,20
register+a+company+in+india,0,4,0%,20
set up a business in india,0,4,0%,20.25
create work email,0,4,0%,21
business set up in india,0,4,0%,22.25
process+to+start+a+business+in+india,0,4,0%,22.25
registering a company india,0,4,0%,22.25
business mail,0,4,0%,22.5
company incorporation form,0,4,0%,23.75
india register company,0,4,0%,23.75
register of company in india,0,4,0%,24.25
registration company india,0,4,0%,24.25
upi qr code generate,0,4,0%,24.25
register company name online,0,4,0%,25
how to start a small business in india,0,4,0%,26.5
upi qr generator free,0,4,0%,26.75
register company name in india,0,4,0%,27
online business registration india,0,4,0%,27.25
registration a company in india,0,4,0%,27.25
msme udyam,0,4,0%,27.75
free business listing on google,0,4,0%,28.25
new business setup in india,0,4,0%,28.25
meta tags analyzer free,0,4,0%,28.75
wa.me link,0,4,0%,28.75
gst validator,0,4,0%,30
qr code upi generator,0,4,0%,30.25
nijaweb,0,4,0%,30.5
receipt generator,0,4,0%,31
upi to qr code,0,4,0%,31
company name registration in india,0,4,0%,31.25
setting up of business in india,0,4,0%,31.5
upi to qr generator,0,4,0%,31.75
meta tags analyzer tool,0,4,0%,32.25
qr code generator with upi id,0,4,0%,32.75
qr code generator for upi,0,4,0%,33
robot txt generator google,0,4,0%,35.75
diy website builder in india,0,4,0%,36.75
website prices,0,4,0%,37
favicon size generator,0,4,0%,38
linkwame,0,4,0%,39
how much does a website cost per month in india,0,4,0%,40
best website builders in india,0,4,0%,40.25
seamlessweb,0,4,0%,41.75
google listing services,0,4,0%,42
payment qr code generator,0,4,0%,42.5
upi id generate,0,4,0%,44
list your company on google,0,4,0%,45
quotation generator,0,4,0%,45.5
incorporation in india,0,4,0%,46
serp snippet,0,4,0%,46.5
fake payment generator,0,4,0%,47.75
cheap website builder,0,4,0%,48.5
best web maker,0,4,0%,49.25
website builder prices,0,4,0%,52
connect2clinic,0,4,0%,52.75
website building sites,0,4,0%,54.25
easiest website builders,0,4,0%,54.5
business website at low price,0,4,0%,54.75
website charges,0,4,0%,54.75
check domain name online,0,4,0%,56.75
build website cheap,0,4,0%,59.75
website builder for service business,0,4,0%,59.75
small business website creation,0,4,0%,60.25
websites builder,0,4,0%,61.25
check domain name free,0,4,0%,61.5
domain checker website,0,4,0%,62
minimal 16x16 favicon.ico base64,0,4,0%,62.25
free domain name availability check,0,4,0%,64.25
website bulder,0,4,0%,64.75
check free domains,0,4,0%,65.5
make a website india,0,4,0%,66
free domain names search,0,4,0%,66.25
new regime tax calculation,0,4,0%,67.25
free domains check,0,4,0%,68
website to check domain name availability,0,4,0%,68.25
search free domain names,0,4,0%,68.5
websites for building websites,0,4,0%,73
affordable web development india,0,4,0%,76
check for free domain names,0,4,0%,76.75
ai seo for coaching institutes,0,4,0%,77.25
tax calculator as per new regime,0,4,0%,79
web name search,0,4,0%,80.5
small business website design india,0,4,0%,80.75
neural web,0,4,0%,81.5
affordable web design for small business,0,4,0%,82.75
website name search,0,4,0%,88.5
how to check if a domain name is available,0,4,0%,89.25
top website builders in india,0,3,0%,1
type of enterprise in udyam registration,0,3,0%,1
bank receipt generator,0,3,0%,2.67
small business in india with low investment,0,3,0%,5
bigrock domain 399,0,3,0%,5.67
india,0,3,0%,6.67
"""template by cameraland""",0,3,0%,7.33
does neowebsolution.com have a blog,0,3,0%,7.67
company register india,0,3,0%,8
mca sole proprietorship not separate legal entity india,0,3,0%,8.67
npc qr code generator,0,3,0%,9.33
doniaweb,0,3,0%,9.67
neowebsolution.com headquarters,0,3,0%,10
how to get your business listed on google maps,0,3,0%,11
gst registration step by step process,0,3,0%,11.33
annualized roi calculator,0,3,0%,12
roi calculator free,0,3,0%,13
msme udyam registration,0,3,0%,15
how to start a business in india step by step,0,3,0%,15.33
roi percentage calculator,0,3,0%,15.33
small business registration india,0,3,0%,15.67
add your business to google,0,3,0%,16
sell your products online india,0,3,0%,16.33
faq schema generators,0,3,0%,17.33
"allintitle:""business setup in india""",0,3,0%,17.67
maps listing,0,3,0%,18
registering a company in india,0,3,0%,18.67
how to set up a business email,0,3,0%,19
india companies register,0,3,0%,19
register company india,0,3,0%,19
google maps ranking,0,3,0%,19.33
register a company india,0,3,0%,19.33
how to make a business email,0,3,0%,19.67
how to register a company name,0,3,0%,20.33
start business in india,0,3,0%,20.67
company registration india online,0,3,0%,21.33
business listing with google,0,3,0%,21.67
google maps listing,0,3,0%,21.67
register company in india online,0,3,0%,21.67
google business maps,0,3,0%,22.33
create a business email address,0,3,0%,24.33
get a business email address,0,3,0%,24.33
npci qr generator,0,3,0%,24.33
find roi calculator,0,3,0%,24.67
register company online india,0,3,0%,24.67
corporate email address,0,3,0%,25
mca company registration process,0,3,0%,25
process of gst registration,0,3,0%,25
upi qr generate,0,3,0%,25
register my company,0,3,0%,25.33
registration for company in india,0,3,0%,25.67
add business to google free,0,3,0%,26
india company registration,0,3,0%,26.33
wa.me generator,0,3,0%,26.33
company registration information india,0,3,0%,26.67
in hand salary calculator india,0,3,0%,26.67
free serp preview tool,0,3,0%,27.33
register+your+company+in+india,0,3,0%,27.67
upi code generator free,0,3,0%,27.67
company registration certificate india,0,3,0%,28
indian company registration,0,3,0%,28
registration of a company india,0,3,0%,28
company name registration,0,3,0%,28.33
ctc calculator,0,3,0%,28.33
google for business listing,0,3,0%,28.33
gst registration for new business,0,3,0%,28.67
setup business in india,0,3,0%,28.67
udyam registration india,0,3,0%,29
mca gov in company registration,0,3,0%,30
register msme,0,3,0%,30
company name registration online,0,3,0%,30.33
bhim upi id generator,0,3,0%,30.67
for company registration in india,0,3,0%,31
beauty parlour website,0,3,0%,31.33
qr code generator for upi payment,0,3,0%,33
free robots txt generator,0,3,0%,34
cash receipt generator,0,3,0%,34.33
google business location,0,3,0%,36
ctc calculator india,0,3,0%,36.33
free domain name checker tool online,0,3,0%,36.33
get your business online,0,3,0%,37.67
keyword idea generator,0,3,0%,38.33
google listing service,0,3,0%,40
domainchecker,0,3,0%,40.33
i want to put my business on google,0,3,0%,40.67
india domain names,0,3,0%,41
universal qr code generator,0,3,0%,41
add business to google,0,3,0%,41.67
top website builders in india informational,0,3,0%,42
gst number generator,0,3,0%,42.33
favicon generator free,0,3,0%,43
best business ideas in india with low investment,0,3,0%,43.33
ctc and in hand salary,0,3,0%,43.33
low investment business ideas in india,0,3,0%,43.33
utm creator,0,3,0%,43.33
who is eligible for msme registration,0,3,0%,43.67
msme registration procedure,0,3,0%,44
payment qr code generator free,0,3,0%,44.33
whatsapp number link,0,3,0%,44.33
list my company on google,0,3,0%,45
google local business page,0,3,0%,45.33
description title,0,3,0%,46.67
calculate margin calculator,0,3,0%,47
small budget business ideas in india,0,3,0%,47.33
site name checker,0,3,0%,48.33
profit margin calculator,0,3,0%,48.67
best online website builder,0,3,0%,49
online quotation generator,0,3,0%,49.33
upi for business account,0,3,0%,49.67
brand color palette generator,0,3,0%,51
create quotation online,0,3,0%,51
check domain availability india,0,3,0%,51.67
web new,0,3,0%,53.33
keyword density,0,3,0%,53.67
old vs new tax regime calculator,0,3,0%,54.67
website names checker,0,3,0%,54.67
domain names check free,0,3,0%,55.67
neo web,0,3,0%,55.67
check website domain,0,3,0%,58
website for doctors,0,3,0%,58.33
name domain generator,0,3,0%,58.67
snippet tool seo,0,3,0%,58.67
tax saving in new regime calculator,0,3,0%,58.67
i need someone to build me a website,0,3,0%,59.33
top website builders for small business,0,3,0%,59.67
check web name availability,0,3,0%,60
website creation sites,0,3,0%,60
check meta tags,0,3,0%,61
gratuity calculation calculator,0,3,0%,62.33
search free domain name,0,3,0%,64
online gratuity calculator,0,3,0%,64.33
domain name availability check free,0,3,0%,64.67
newwebdomain,0,3,0%,65
check website domain availability,0,3,0%,65.67
free domain names check,0,3,0%,65.67
low websites for my company,0,3,0%,65.67
new scheme tax calculator,0,3,0%,66.67
validate meta tags,0,3,0%,67.33
check domain website,0,3,0%,68.33
doctor website builder,0,3,0%,68.33
website developers for small business,0,3,0%,68.33
income tax calculator new regime,0,3,0%,68.67
meta description check,0,3,0%,70.33
calculate tax new regime,0,3,0%,71.67
web domain name search,0,3,0%,71.67
check for a domain name,0,3,0%,72
web developer for small business,0,3,0%,72
web page builder,0,3,0%,72.33
b2b website builder,0,3,0%,74
.online domain,0,3,0%,74.33
robots txt generator for wordpress,0,3,0%,74.33
website design for small business,0,3,0%,76.33
available web domain name check,0,3,0%,76.67
how to search domain name,0,3,0%,76.67
domain name search engine registration free,0,3,0%,77
website making platforms,0,3,0%,78
free domain name search engine registration,0,3,0%,78.33
new tax saving calculator,0,3,0%,78.33
small website,0,3,0%,81.33
website building companies,0,3,0%,81.67
low-cost web development services india,0,3,0%,95.67
how to register an it company in india,0,2,0%,1
paid receipt,0,2,0%,1
andhra pradesh state code,0,2,0%,2.5
upi receipt generator,0,2,0%,4
builders websites in india,0,2,0%,4.5
mca india company registration,0,2,0%,5
business to do in india with low investment,0,2,0%,7
construction companies without websites india,0,2,0%,7
hreflang tags for india,0,2,0%,7
clinics without websites in india,0,2,0%,7.5
original numbered payment receipt,0,2,0%,7.5
gst step by step process,0,2,0%,8
clinics in india without websites or outdated websites,0,2,0%,8.5
google snippet preview tool,0,2,0%,8.5
mca company separate legal entity india official,0,2,0%,8.5
info@yourbusiness.com,0,2,0%,9
mca india spice+ company incorporation official,0,2,0%,9
mca spice+ official company incorporation india,0,2,0%,9
ai payment receipt generator,0,2,0%,9.5
gbp description character limit,0,2,0%,9.5
indian company registry,0,2,0%,9.5
how to add another business in udyam registration,0,2,0%,10
return percentage calculator,0,2,0%,10
wa.me/971,0,2,0%,10
best website builders india 2026,0,2,0%,10.5
what percentage of ctc is in hand salary,0,2,0%,10.5
#0a0e1a color,0,2,0%,11
mca spice+ incorporation company official india,0,2,0%,11
sell on marketplaces,0,2,0%,11
types of organisation in udyam registration,0,2,0%,11.5
business google maps,0,2,0%,12
faqs schema generator,0,2,0%,12
list business on google,0,2,0%,12
online platform to sell products in india,0,2,0%,12.5
annualised roi calculator,0,2,0%,13
serp snippet preview tool online,0,2,0%,14
wa.me/91 link,0,2,0%,14.5
gst registration,0,2,0%,15
india company register,0,2,0%,15
paytm receipt maker,0,2,0%,15
roi calculator percentage,0,2,0%,16.5
udyam registration msme india,0,2,0%,16.5
google serp preview,0,2,0%,17
how to sell products online in india,0,2,0%,17
register a it company in india,0,2,0%,17
registering company in india,0,2,0%,17.5
wa.me/91,0,2,0%,17.5
how can i start a business in india,0,2,0%,18
npci qr generator 0 1,0,2,0%,18
steps to start a small business in india,0,2,0%,18
how to register a company in india online,0,2,0%,18.5
neoweblab,0,2,0%,18.5
small business ideas in india with low investment,0,2,0%,19
procedure for gst registration,0,2,0%,19.5
google for business india,0,2,0%,20
how to create business email id,0,2,0%,20
jimdo multilingual translator,0,2,0%,20
register+company+online+india,0,2,0%,20
registration of company,0,2,0%,20
gst registration process time,0,2,0%,20.5
limited+company+registration+in+india,0,2,0%,20.5
marketplace selling online,0,2,0%,20.5
process of gst registration step by step,0,2,0%,20.5
register a company in india online,0,2,0%,20.5
register of company india,0,2,0%,20.5
how start business in india,0,2,0%,21
https wa me,0,2,0%,21
starting a business india,0,2,0%,21
ybl qr code generator,0,2,0%,21
how to get a company registered in india,0,2,0%,21.5
i want to register my company,0,2,0%,21.5
mca register company,0,2,0%,21.5
create company email,0,2,0%,22
rank google my business in india,0,2,0%,22
how to company registration in india,0,2,0%,22.5
incorporate a company online,0,2,0%,22.5
udyam registration msme,0,2,0%,23
india corporate registry,0,2,0%,23.5
"udyam registration form for new enterprise who are not registered yet as 
msme",0,2,0%,23.5
yearly roi calculator,0,2,0%,23.5
company+creation+in+india,0,2,0%,24
free seo audit services india,0,2,0%,24
gst registration for business,0,2,0%,24
register your company in india,0,2,0%,24
retail website,0,2,0%,24
google map listing business,0,2,0%,24.5
google maps listing business,0,2,0%,24.5
gstin validator,0,2,0%,25
how to register my company in india,0,2,0%,25
online+company+registration+in+india,0,2,0%,25
start a new business in india,0,2,0%,25.5
what is gst and gst registration process for business,0,2,0%,25.5
company incorporation details,0,2,0%,26
how to register a business name in india,0,2,0%,26
how to start any business in india,0,2,0%,26
start a new company in india,0,2,0%,26
company emails,0,2,0%,26.5
set up own business,0,2,0%,26.5
company+registration+in+india,0,2,0%,27
ctc calculator online,0,2,0%,27
procedure for registration of gst,0,2,0%,27
.com vs .in,0,2,0%,27.5
accept upi payment online,0,2,0%,27.5
company registered in india,0,2,0%,27.5
get a professional email,0,2,0%,27.5
procedure for registration under gst,0,2,0%,27.5
registration of the company in india,0,2,0%,27.5
salon website builder,0,2,0%,27.5
universal upi qr code generator online free 3 8,0,2,0%,27.5
absolute return calculator,0,2,0%,28
registration company in india,0,2,0%,28
explain the procedure of registration under gst,0,2,0%,28.5
google maps ranking service,0,2,0%,28.5
gst application process,0,2,0%,28.5
gst registration details,0,2,0%,28.5
how to start an it company in india,0,2,0%,28.5
is proprietorship a company,0,2,0%,28.5
phonepe qr code generator,0,2,0%,28.5
upi qr code generator​,0,2,0%,28.5
business email and domain,0,2,0%,29
business email domain,0,2,0%,29
list your business on google for free,0,2,0%,29
calculate roi on investment,0,2,0%,29.5
local seo audit free,0,2,0%,29.5
business email id,0,2,0%,30
ctc salary calculator,0,2,0%,30.5
ctc to in hand salary calculator,0,2,0%,30.5
robots.txt generator,0,2,0%,30.5
doctor site,0,2,0%,31
sample upi qr code,0,2,0%,31
indian domain,0,2,0%,31.5
newwebs,0,2,0%,31.5
india in hand salary calculator,0,2,0%,32
online website builder india,0,2,0%,32
google serp preview tool,0,2,0%,32.5
gst procedure for registration,0,2,0%,32.5
indian domain name,0,2,0%,33
add my business to google for free,0,2,0%,34
faq checker,0,2,0%,34
how to do msme registration,0,2,0%,34
online ctc calculator,0,2,0%,34
what are the best online store creators for small businesses in india?,0,2,0%,34
digital marketing for small businesses in india,0,2,0%,34.5
universal upi qr code generator online india 0 1,0,2,0%,34.5
ctc to inhand,0,2,0%,35
domain name india,0,2,0%,35
udyam registration for new entrepreneurs,0,2,0%,35.5
upi qr code image,0,2,0%,35.5
business setup,0,2,0%,36
google listing business,0,2,0%,36
gst new registration process,0,2,0%,36
og tags generator,0,2,0%,36
udyam meaning in english,0,2,0%,36
bhim upi qr code generator,0,2,0%,36.5
list business on google maps,0,2,0%,36.5
meta checker html,0,2,0%,36.5
upi payment gateway for indian businesses,0,2,0%,36.5
meta tag analyser,0,2,0%,37
business incorporation in india,0,2,0%,38
free google listing,0,2,0%,38
google map business listing,0,2,0%,38
how to get listed on google,0,2,0%,38
sole proprietorship examples in india,0,2,0%,38
what is udyam,0,2,0%,38
open graph tags generator,0,2,0%,39
what is msme registration,0,2,0%,39
nebweb,0,2,0%,39.5
local seo audit service,0,2,0%,40
seo snippet tool,0,2,0%,40.5
ctc in hand salary,0,2,0%,41.5
how to calculate ctc from in hand salary,0,2,0%,41.5
business website maker,0,2,0%,42
how to integrate upi payment gateway in website,0,2,0%,42.5
low investment business,0,2,0%,42.5
add business listing,0,2,0%,43
cost of a website in india,0,2,0%,43
low investment business ideas,0,2,0%,43.5
meta tags tester,0,2,0%,43.5
search snippet tool,0,2,0%,43.5
set up google business listing,0,2,0%,43.5
in domain names,0,2,0%,44
msme registration means,0,2,0%,44
website builder free india,0,2,0%,44
localbusiness schema generator online,0,2,0%,44.5
map listing in google,0,2,0%,45
meta description analyzer,0,2,0%,45.5
quotation generator online,0,2,0%,45.5
keyword ratio checker,0,2,0%,46
is udyam registration mandatory for startups,0,2,0%,46.5
local business website builder,0,2,0%,46.5
website name generator,0,2,0%,46.5
brand color generator,0,2,0%,47
difference between.com and .in,0,2,0%,47
terms & conditions generator free,0,2,0%,47
upi for business,0,2,0%,47
business location map,0,2,0%,47.5
digital marketing services neowebx,0,2,0%,47.5
website rate in india,0,2,0%,47.5
free online quotation maker,0,2,0%,48
low price business,0,2,0%,48
profit percentage calculator,0,2,0%,48
serp tool,0,2,0%,48
udyam number registration,0,2,0%,48
make website india,0,2,0%,48.5
utm generator,0,2,0%,48.5
new company registration india,0,2,0%,49
website cost in indiawebsite cost in india,0,2,0%,49
list business,0,2,0%,49.5
website builder hosting,0,2,0%,49.5
wa link generator,0,2,0%,50
localbusiness schema generator,0,2,0%,50.5
online receipt,0,2,0%,50.5
udyam registration for startup,0,2,0%,50.5
local business schema generator,0,2,0%,51
how do i put my business on google maps,0,2,0%,51.5
invoice number generator,0,2,0%,52
schema generator local business,0,2,0%,52
generator domain name,0,2,0%,52.5
upi payments for businesses,0,2,0%,52.5